{"cameraMode":{"drawMode":0,"name":"Shaded","section":"Shading Mode"},"sceneLighting":true,"audioPlay":false,"sceneViewState":{"showFog":true,"showMaterialUpdate":false,"showSkybox":true,"showFlares":true,"showImageEffects":true,"showParticleSystems":true},"in2DMode":false,"pivot":{"x":-86.48680114746094,"y":59.09452819824219,"z":63.44414520263672},"rotation":{"x":-0.19109366834163667,"y":-0.37844836711883547,"z":-0.08028220385313034,"w":0.9021400213241577},"size":4.724470615386963,"orthographic":false}