{"cameraMode":{"drawMode":0,"name":"Shaded","section":"Shading Mode"},"sceneLighting":false,"audioPlay":false,"sceneViewState":{"showFog":true,"showMaterialUpdate":false,"showSkybox":false,"showFlares":true,"showImageEffects":true,"showParticleSystems":true},"in2DMode":false,"pivot":{"x":1.137162685394287,"y":0.18363618850708009,"z":0.5989205837249756},"rotation":{"x":0.10475548356771469,"y":-0.15424011647701264,"z":0.016330931335687639,"w":0.9823537468910217},"size":2.8578836917877199,"orthographic":false}