{"cameraMode":{"drawMode":0,"name":"Shaded","section":"Shading Mode"},"sceneLighting":true,"audioPlay":false,"sceneViewState":{"showFog":true,"showMaterialUpdate":false,"showSkybox":true,"showFlares":true,"showImageEffects":true,"showParticleSystems":true},"in2DMode":false,"pivot":{"x":-0.4209275245666504,"y":5.701253890991211,"z":0.1972264051437378},"rotation":{"x":0.6734708547592163,"y":-0.0022173291072249414,"z":0.00202062726020813,"w":0.7392072081565857},"size":8.717367172241211,"orthographic":false}